-24,-24,14.536165,5.057214,-11.985098,7.334448,-13.148796,6.091637,-11.872743,-0.496632,-0.547575,-0.760541,-0.503537,-0.44535,-0.671684,-1.043136,-0.361636,-0.469696
-24,-21,14.536165,6.005441,-11.143345,8.315751,-12.781763,5.051282,-11.339597,-0.496632,-0.550686,-0.760541,-0.503537,-0.44535,-0.671684,-1.043136,-0.364701,-0.469696
-24,-18,14.539275,6.765239,-10.915433,9.176765,-12.585369,3.93241,-10.495449,-0.496632,-0.550686,-0.75697,-0.503537,-0.442258,-0.674867,-1.043136,-0.361636,-0.469696
-24,-15,14.539275,7.415626,-10.511271,9.901663,-12.549953,2.715391,-9.637632,-0.496632,-0.550686,-0.75697,-0.50031,-0.44535,-0.674867,-1.043136,-0.361636,-0.469696
-24,-12,14.545497,7.953562,-10.164845,10.49361,-12.456584,1.511459,-8.639693,-0.493299,-0.550686,-0.760541,-0.50031,-0.44535,-0.674867,-1.046458,-0.364701,-0.469696
-24,-9,14.536165,8.366893,-9.915662,11.025414,-12.401852,0.078517,-7.556314,-0.493299,-0.547575,-0.760541,-0.50031,-0.44535,-0.671684,-1.046458,-0.364701,-0.469696
-24,-6,14.523722,8.692086,-9.158997,11.360955,-12.318144,-1.187955,-6.431923,-0.496632,-0.547575,-0.75697,-0.503537,-0.44535,-0.674867,-1.046458,-0.364701,-0.469696
-24,-3,14.533054,8.920026,-9.079988,11.595202,-12.295606,-2.591308,-5.030707,-0.493299,-0.547575,-0.760541,-0.50031,-0.44535,-0.674867,-1.046458,-0.364701,-0.469696
-24,0,14.551725,9.068947,-9.004017,11.655347,-12.112089,-3.926126,-3.506458,-0.496632,-0.547575,-0.75697,-0.50031,-0.442258,-0.674867,-1.043136,-0.361636,-0.469696
-24,3,14.551725,9.068947,-9.125569,11.522395,-11.954329,-5.283789,-1.995878,-0.496632,-0.550686,-0.75697,-0.50031,-0.44535,-0.674867,-1.043136,-0.361636,-0.466522
-24,6,14.529943,8.923065,-9.210656,11.278652,-11.777252,-6.50438,-0.546816,-0.493299,-0.550686,-0.760541,-0.50031,-0.44535,-0.671684,-1.043136,-0.361636,-0.469696
-24,9,14.542386,8.655616,-9.496305,10.870304,-11.680664,-7.75108,1.031354,-0.496632,-0.547575,-0.75697,-0.503537,-0.44535,-0.674867,-1.043136,-0.361636,-0.469696
-24,12,14.542386,8.2666,-9.705984,10.278357,-11.535783,-8.792172,2.549262,-0.499965,-0.550686,-0.75697,-0.503537,-0.44535,-0.674867,-1.043136,-0.361636,-0.466522
-24,15,14.529943,7.768172,-10.088875,9.632597,-11.580857,-9.679874,3.885568,-0.496632,-0.547575,-0.75697,-0.503537,-0.44535,-0.671684,-1.043136,-0.361636,-0.469696
-24,18,14.548608,7.129942,-10.441378,8.777912,-11.741837,-10.567577,5.269844,-0.496632,-0.547575,-0.75697,-0.50031,-0.44535,-0.671684,-1.043136,-0.361636,-0.466522
-24,21,14.529943,6.394458,-10.404912,7.850423,-11.63237,-11.093019,6.489652,-0.499965,-0.550686,-0.760541,-0.50031,-0.44535,-0.671684,-1.043136,-0.361636,-0.469696
-24,24,14.539275,5.63466,-9.882236,6.774156,-11.159091,-11.30189,7.70946,-0.499965,-0.550686,-0.760541,-0.503537,-0.44535,-0.674867,-1.043136,-0.364701,-0.469696
-21,-24,14.529943,6.075343,-11.766302,6.103071,-12.472683,7.387173,-11.571993,-0.493299,-0.547575,-0.760541,-0.50031,-0.442258,-0.671684,-1.043136,-0.364701,-0.469696
-21,-21,14.526834,6.880728,-11.608284,6.989409,-12.359997,6.412249,-11.308838,-0.496632,-0.550686,-0.760541,-0.503537,-0.442258,-0.671684,-1.043136,-0.361636,-0.469696
-21,-18,14.536165,7.716506,-11.210199,8.02136,-12.221555,5.100355,-10.410009,-0.496632,-0.550686,-0.75697,-0.503537,-0.44535,-0.671684,-1.043136,-0.361636,-0.466522
-21,-15,14.545497,8.448952,-11.106879,8.796906,-12.115309,3.804819,-9.432576,-0.496632,-0.547575,-0.75697,-0.503537,-0.44535,-0.671684,-1.046458,-0.364701,-0.469696
-21,-12,14.536165,9.047671,-10.654095,9.395185,-11.899597,2.509283,-8.438055,-0.493299,-0.550686,-0.760541,-0.503537,-0.44535,-0.671684,-1.046458,-0.361636,-0.469696
-21,-9,14.539275,9.521785,-10.107109,9.907994,-11.699982,1.112329,-7.269235,-0.493299,-0.547575,-0.760541,-0.503537,-0.44535,-0.674867,-1.043136,-0.364701,-0.469696
-21,-6,14.533054,9.87737,-9.611781,10.259363,-11.551881,-0.228453,-5.991052,-0.496632,-0.550686,-0.760541,-0.503537,-0.44535,-0.671684,-1.043136,-0.364701,-0.469696
-21,-3,14.529943,10.138741,-9.186346,10.490444,-11.429537,-1.781932,-4.422374,-0.496632,-0.547575,-0.75697,-0.503537,-0.44535,-0.671684,-1.043136,-0.361636,-0.469696
-21,0,14.533054,10.263349,-9.134686,10.547424,-11.32007,-3.276667,-2.816102,-0.496632,-0.547575,-0.75697,-0.50031,-0.442258,-0.671684,-1.043136,-0.361636,-0.466522
-21,3,14.536165,10.269426,-9.326132,10.401812,-11.210605,-4.585376,-1.343117,-0.493299,-0.550686,-0.75697,-0.503537,-0.44535,-0.671684,-1.043136,-0.364701,-0.469696
-21,6,14.545497,10.135702,-9.642168,10.148571,-11.194506,-5.972412,0.243276,-0.493299,-0.547575,-0.75697,-0.503537,-0.44535,-0.671684,-1.043136,-0.361636,-0.469696
-21,9,14.526834,9.84394,-9.991633,9.69274,-11.059284,-7.248484,1.853697,-0.496632,-0.547575,-0.75697,-0.503537,-0.442258,-0.671684,-1.043136,-0.358572,-0.469696
-21,12,14.539275,9.403257,-10.140534,9.119786,-10.946598,-8.472338,3.443559,-0.499965,-0.550686,-0.760541,-0.503537,-0.44535,-0.671684,-1.043136,-0.361636,-0.469696
-21,15,14.529943,8.847086,-10.192195,8.439205,-10.878987,-9.343723,4.916922,-0.496632,-0.550686,-0.75697,-0.50031,-0.44535,-0.671684,-1.043136,-0.361636,-0.469696
-21,18,14.5175,8.184542,-10.569009,7.657328,-10.978794,-10.21837,6.170994,-0.496632,-0.547575,-0.760541,-0.503537,-0.44535,-0.674867,-1.043136,-0.361636,-0.469696
-21,21,14.526834,7.427783,-10.459611,6.748832,-10.843573,-10.906993,7.449051,-0.496632,-0.550686,-0.760541,-0.503537,-0.44535,-0.671684,-1.043136,-0.361636,-0.469696
-21,24,14.539275,6.485633,-10.02202,5.593427,-10.611761,-11.040802,8.751093,-0.496632,-0.547575,-0.75697,-0.50031,-0.442258,-0.671684,-1.043136,-0.361636,-0.466522
-18,-24,14.539275,6.829062,-11.568779,4.827377,-11.944671,8.463514,-11.643764,-0.496632,-0.547575,-0.760541,-0.503537,-0.44535,-0.671684,-1.043136,-0.361636,-0.469696
-18,-21,14.536165,7.670918,-11.450266,5.821342,-11.674225,7.455875,-11.199476,-0.496632,-0.547575,-0.75697,-0.503537,-0.442258,-0.671684,-1.043136,-0.361636,-0.469696
-18,-18,14.505058,8.52797,-11.307441,6.714011,-11.506806,6.206141,-10.372416,-0.493299,-0.547575,-0.760541,-0.50031,-0.442258,-0.674867,-1.043136,-0.361636,-0.469696
-18,-15,14.526834,9.318159,-11.307441,7.527544,-11.378024,4.868075,-9.3984,-0.496632,-0.547575,-0.75697,-0.503537,-0.44535,-0.671684,-1.043136,-0.361636,-0.466522
-18,-12,14.542386,9.971586,-11.040025,8.154311,-11.184848,3.526737,-8.37312,-0.496632,-0.550686,-0.760541,-0.503537,-0.442258,-0.671684,-1.043136,-0.361636,-0.466522
-18,-9,14.536165,10.515601,-10.690561,8.679782,-10.975574,2.06108,-7.074432,-0.493299,-0.547575,-0.75697,-0.50031,-0.442258,-0.671684,-1.043136,-0.361636,-0.469696
-18,-6,14.539275,10.901578,-10.213467,9.024822,-10.766301,0.644496,-5.656128,-0.493299,-0.547575,-0.75697,-0.50031,-0.44535,-0.674867,-1.043136,-0.361636,-0.469696
-18,-3,14.539275,11.19334,-9.66344,9.252737,-10.569906,-0.969293,-4.012262,-0.496632,-0.547575,-0.760541,-0.503537,-0.44535,-0.671684,-1.043136,-0.361636,-0.469696
-18,0,14.545497,11.330104,-9.45984,9.303386,-10.418586,-2.591308,-2.252198,-0.493299,-0.550686,-0.760541,-0.503537,-0.44535,-0.671684,-1.039814,-0.361636,-0.469696
-18,3,14.539275,11.327065,-9.705984,9.160938,-10.321999,-3.965289,-0.707443,-0.496632,-0.547575,-0.75697,-0.503537,-0.442258,-0.671684,-1.043136,-0.361636,-0.466522
-18,6,14.536165,11.165988,-10.070642,8.876044,-10.264046,-5.440442,0.94912,-0.496632,-0.547575,-0.760541,-0.503537,-0.442258,-0.671684,-1.043136,-0.361636,-0.466522
-18,9,14.536165,10.834717,-10.161806,8.442371,-10.196434,-6.879695,2.614363,-0.499965,-0.547575,-0.760541,-0.503537,-0.44535,-0.671684,-1.043136,-0.361636,-0.469696
-18,12,14.536165,10.354525,-10.368447,7.869417,-10.096626,-8.168822,4.231637,-0.493299,-0.547575,-0.75697,-0.503537,-0.442258,-0.671684,-1.043136,-0.361636,-0.469696
-18,15,14.539275,9.780117,-10.429222,7.198332,-10.057992,-9.121797,5.681015,-0.493299,-0.547575,-0.75697,-0.50031,-0.442258,-0.671684,-1.039814,-0.361636,-0.466522
-18,18,14.545497,9.059828,-10.429222,6.3848,-10.086968,-10.100881,7.082424,-0.493299,-0.550686,-0.75697,-0.50031,-0.442258,-0.671684,-1.039814,-0.361636,-0.466522
-18,21,14.529943,8.196699,-10.377563,5.431987,-10.07731,-10.861303,8.38104,-0.493299,-0.547575,-0.75697,-0.50031,-0.442258,-0.6685,-1.043136,-0.361636,-0.469696
-18,24,14.536165,7.242393,-10.003788,4.428525,-9.980721,-10.854775,9.563158,-0.496632,-0.547575,-0.760541,-0.50031,-0.442258,-0.671684,-1.039814,-0.361636,-0.469696
-15,-24,14.539275,7.376117,-11.353024,3.554849,-11.226703,9.392635,-11.472883,-0.493299,-0.550686,-0.75697,-0.50031,-0.44535,-0.671684,-1.043136,-0.361636,-0.469696
-15,-21,14.536165,8.369932,-11.340868,4.507663,-10.898304,8.352282,-11.131123,-0.493299,-0.547575,-0.760541,-0.503537,-0.44535,-0.671684,-1.039814,-0.361636,-0.466522
-15,-18,14.536165,9.351591,-11.328713,5.419325,-10.672934,7.096004,-10.32457,-0.493299,-0.547575,-0.75697,-0.50031,-0.44535,-0.674867,-1.043136,-0.361636,-0.466522
-15,-15,14.526834,10.10531,-11.237548,6.128396,-10.473318,5.856085,-9.418905,-0.493299,-0.550686,-0.75697,-0.50031,-0.442258,-0.671684,-1.043136,-0.361636,-0.466522
-15,-12,14.5175,10.813441,-11.061296,6.748832,-10.183557,4.396971,-8.212493,-0.493299,-0.550686,-0.75697,-0.50031,-0.442258,-0.671684,-1.043136,-0.361636,-0.466522
-15,-9,14.526834,11.375691,-10.863773,7.293297,-9.91955,2.924771,-6.855705,-0.493299,-0.550686,-0.760541,-0.50031,-0.442258,-0.671684,-1.039814,-0.358572,-0.469696
-15,-6,14.533054,11.816376,-10.508232,7.657328,-9.613689,1.396954,-5.273356,-0.493299,-0.544463,-0.7534,-0.50031,-0.442258,-0.671684,-1.043136,-0.358572,-0.466522
-15,-3,14.533054,12.092941,-10.113186,7.875747,-9.394756,-0.208871,-3.605568,-0.493299,-0.547575,-0.75697,-0.50031,-0.442258,-0.671684,-1.043136,-0.361636,-0.466522
-15,0,14.529943,12.247939,-9.830576,7.897906,-9.227339,-1.886368,-1.801075,-0.496632,-0.547575,-0.75697,-0.50031,-0.442258,-0.671684,-1.043136,-0.361636,-0.466522
-15,3,14.533054,12.235784,-9.994673,7.777617,-9.143629,-3.35173,-0.211891,-0.496632,-0.550686,-0.760541,-0.50031,-0.442258,-0.671684,-1.043136,-0.361636,-0.466522
-15,6,14.545497,12.083824,-10.20435,7.511716,-9.121092,-4.915,1.504201,-0.496632,-0.547575,-0.75697,-0.50031,-0.442258,-0.671684,-1.043136,-0.361636,-0.466522
-15,9,14.526834,11.713042,-10.313747,7.071712,-9.069578,-6.390153,3.186577,-0.496632,-0.550686,-0.75697,-0.50031,-0.442258,-0.671684,-1.039814,-0.358572,-0.466522
-15,12,14.533054,11.187262,-10.40795,6.492427,-9.098555,-7.819615,4.879231,-0.493299,-0.547575,-0.75697,-0.50031,-0.44535,-0.6685,-1.043136,-0.361636,-0.466522
-15,15,14.542386,10.552071,-10.259048,5.799184,-9.043822,-8.935771,6.42455,-0.493299,-0.547575,-0.75697,-0.50031,-0.44535,-0.6685,-1.039814,-0.361636,-0.466522
-15,18,14.536165,9.84394,-10.198273,5.042631,-9.063139,-9.892011,7.760857,-0.493299,-0.547575,-0.75697,-0.50031,-0.44535,-0.671684,-1.043136,-0.361636,-0.469696
-15,21,14.529943,8.996006,-10.028098,4.159458,-9.040602,-10.564315,9.004649,-0.496632,-0.547575,-0.75697,-0.50031,-0.442258,-0.671684,-1.043136,-0.361636,-0.466522
-15,24,14.536165,7.935328,-9.608743,3.146501,-9.085677,-10.890676,10.248443,-0.493299,-0.547575,-0.7534,-0.50031,-0.442258,-0.671684,-1.043136,-0.361636,-0.469696
-12,-24,14.551725,8.011308,-10.973171,2.082895,-9.971063,10.233425,-11.394279,-0.493299,-0.547575,-0.75697,-0.50031,-0.44535,-0.671684,-1.043136,-0.358572,-0.466522
-12,-21,14.536165,9.029436,-11.185887,3.089521,-9.903453,9.10801,-11.144793,-0.493299,-0.547575,-0.75697,-0.50031,-0.442258,-0.671684,-1.039814,-0.358572,-0.466522
-12,-18,14.523722,9.980702,-11.176771,3.909384,-9.604031,7.926979,-10.413426,-0.493299,-0.550686,-0.75697,-0.50031,-0.442258,-0.6685,-1.039814,-0.358572,-0.466522
-12,-15,14.536165,10.810403,-11.091685,4.608958,-9.278852,6.683788,-9.374477,-0.493299,-0.547575,-0.75697,-0.50031,-0.442258,-0.671684,-1.043136,-0.361636,-0.466522
-12,-12,14.529943,11.542847,-10.891123,5.216733,-8.921478,5.221403,-8.099711,-0.493299,-0.547575,-0.760541,-0.50031,-0.442258,-0.671684,-1.043136,-0.361636,-0.466522
-12,-9,14.536165,12.141568,-10.553814,5.726377,-8.531908,3.732845,-6.633562,-0.493299,-0.547575,-0.75697,-0.50031,-0.44535,-0.671684,-1.043136,-0.361636,-0.466522
-12,-6,14.542386,12.591369,-10.459611,6.068251,-8.222827,2.188671,-5.037542,-0.493299,-0.547575,-0.75697,-0.50031,-0.442258,-0.674867,-1.043136,-0.361636,-0.466522
-12,-3,14.523722,12.892248,-10.249932,6.289835,-8.065067,0.461289,-3.239885,-0.496632,-0.550686,-0.760541,-0.50031,-0.442258,-0.671684,-1.039814,-0.358572,-0.466522
-12,0,14.542386,13.059404,-9.9734,6.315159,-7.878331,-1.230382,-1.418304,-0.493299,-0.547575,-0.75697,-0.50031,-0.442258,-0.671684,-1.043136,-0.361636,-0.469696
-12,3,14.536165,13.025972,-9.806265,6.204367,-7.775304,-2.885034,0.322084,-0.493299,-0.550686,-0.75697,-0.50031,-0.44535,-0.671684,-1.043136,-0.361636,-0.466522
-12,6,14.529943,12.855779,-9.709023,5.944797,-7.669058,-4.39935,2.00446,-0.493299,-0.547575,-0.7534,-0.497082,-0.442258,-0.671684,-1.043136,-0.361636,-0.466522
-12,9,14.545497,12.457644,-9.754604,5.492131,-7.675497,-6.031156,3.837598,-0.496632,-0.547575,-0.75697,-0.50031,-0.442258,-0.671684,-1.039814,-0.358572,-0.466522
-12,12,14.523722,11.925786,-9.924778,4.935004,-7.714132,-7.454091,5.458298,-0.496632,-0.547575,-0.75697,-0.50031,-0.442258,-0.6685,-1.043136,-0.361636,-0.466522
-12,15,14.526834,11.251084,-9.99771,4.29874,-7.820379,-8.704055,7.010469,-0.496632,-0.547575,-0.75697,-0.50031,-0.442258,-0.671684,-1.043136,-0.361636,-0.466522
-12,18,14.539275,10.527758,-9.961245,3.596,-7.881551,-9.608076,8.326217,-0.493299,-0.547575,-0.7534,-0.50031,-0.442258,-0.671684,-1.039814,-0.361636,-0.466522
-12,21,14.536165,9.573452,-9.709023,2.700166,-7.96526,-10.381551,9.65567,-0.493299,-0.547575,-0.75697,-0.50031,-0.442258,-0.671684,-1.043136,-0.361636,-0.466522
-12,24,14.548608,8.521892,-9.286627,1.690373,-7.974919,-10.83193,10.8652,-0.496632,-0.547575,-0.75697,-0.50031,-0.44535,-0.6685,-1.039814,-0.361636,-0.466522
-9,-24,14.542386,8.315228,-10.997482,0.57612,-9.014846,10.897552,-11.667686,-0.493299,-0.547575,-0.75697,-0.50031,-0.442258,-0.671684,-1.043136,-0.361636,-0.469696
-9,-21,14.508168,9.363748,-11.064335,1.535264,-8.815231,9.824481,-11.295167,-0.493299,-0.547575,-0.75697,-0.50031,-0.442258,-0.6685,-1.039814,-0.361636,-0.466522
-9,-18,14.542386,10.512561,-11.018753,2.40894,-8.348391,8.53876,-10.379251,-0.493299,-0.547575,-0.75697,-0.50031,-0.442258,-0.6685,-1.039814,-0.361636,-0.466522
-9,-15,14.539275,11.378731,-10.787803,3.076859,-7.926625,7.266125,-9.254862,-0.493299,-0.547575,-0.75697,-0.50031,-0.44535,-0.671684,-1.039814,-0.358572,-0.466522
-9,-12,14.523722,12.147646,-10.444417,3.684634,-7.459785,5.823369,-7.877568,-0.493299,-0.547575,-0.75697,-0.50031,-0.442258,-0.6685,-1.039814,-0.358572,-0.466522
-9,-9,14.536165,12.725093,-10.149651,4.124638,-7.118509,4.354441,-6.49344,-0.493299,-0.547575,-0.75697,-0.50031,-0.442258,-0.671684,-1.039814,-0.358572,-0.469696
-9,-6,14.542386,13.187051,-9.684712,4.476007,-6.815867,2.784094,-4.880333,-0.493299,-0.547575,-0.75697,-0.50031,-0.44535,-0.671684,-1.043136,-0.361636,-0.469696
-9,-3,14.536165,13.503125,-9.544926,4.656441,-6.551861,1.043626,-3.00407,-0.493299,-0.547575,-0.75697,-0.50031,-0.442258,-0.671684,-1.039814,-0.361636,-0.466522
-9,0,14.533054,13.649006,-9.38083,4.694427,-6.365125,-0.731049,-1.103885,-0.493299,-0.547575,-0.75697,-0.50031,-0.442258,-0.671684,-1.039814,-0.361636,-0.466522
-9,3,14.533054,13.645967,-9.262316,4.589966,-6.268538,-2.313901,0.572213,-0.493299,-0.547575,-0.75697,-0.50031,-0.44535,-0.671684,-1.039814,-0.361636,-0.466522
-9,6,14.536165,13.424107,-9.250161,4.336726,-6.213804,-4.09257,2.446469,-0.493299,-0.547575,-0.75697,-0.50031,-0.44535,-0.671684,-1.043136,-0.358572,-0.466522
-9,9,14.529943,13.022934,-9.347404,3.903053,-6.191267,-5.714585,4.265901,-0.496632,-0.547575,-0.75697,-0.50031,-0.442258,-0.671684,-1.039814,-0.361636,-0.466522
-9,12,14.51439,12.518427,-9.481112,3.409236,-6.284636,-7.029821,5.766676,-0.496632,-0.547575,-0.75697,-0.50031,-0.442258,-0.6685,-1.039814,-0.361636,-0.463348
-9,15,14.539275,11.855885,-9.581392,2.791965,-6.455274,-8.400539,7.359964,-0.493299,-0.547575,-0.75697,-0.50031,-0.442258,-0.671684,-1.043136,-0.361636,-0.469696
-9,18,14.536165,10.992755,-9.611781,2.038578,-6.632351,-9.500377,8.85046,-0.496632,-0.547575,-0.75697,-0.50031,-0.44535,-0.671684,-1.043136,-0.361636,-0.463348
-9,21,14.523722,10.035409,-9.484151,1.231377,-6.806209,-10.33586,10.121664,-0.493299,-0.547575,-0.75697,-0.503537,-0.44535,-0.671684,-1.039814,-0.361636,-0.466522
-9,24,14.551725,8.935222,-9.207618,0.237412,-6.928553,-10.962475,11.317487,-0.493299,-0.544463,-0.7534,-0.50031,-0.44535,-0.6685,-1.043136,-0.361636,-0.466522
-6,-24,14.545497,8.552284,-10.997482,-0.921774,-7.884771,11.404642,-11.835149,-0.493299,-0.547575,-0.760541,-0.50031,-0.442258,-0.671684,-1.039814,-0.358572,-0.463348
-6,-21,14.526834,9.719333,-10.997482,-0.025254,-7.437247,10.311942,-11.260992,-0.493299,-0.547575,-0.7534,-0.50031,-0.442258,-0.6685,-1.039814,-0.361636,-0.463348
-6,-18,14.526834,10.868147,-10.818192,0.762884,-6.857722,9.019679,-10.331405,-0.493299,-0.547575,-0.75697,-0.50031,-0.442258,-0.671684,-1.043136,-0.361636,-0.466522
-6,-15,14.526834,11.852844,-10.614592,1.427638,-6.313612,7.599823,-9.019046,-0.496632,-0.544463,-0.7534,-0.50031,-0.442258,-0.671684,-1.039814,-0.361636,-0.469696
-6,-12,14.520612,12.539701,-10.243855,1.930951,-5.901504,6.314102,-7.805799,-0.493299,-0.547575,-0.75697,-0.50031,-0.442258,-0.671684,-1.039814,-0.358572,-0.466522
-6,-9,14.539275,13.174892,-9.733334,2.377285,-5.47008,4.819001,-6.373824,-0.489966,-0.547575,-0.7534,-0.497082,-0.442258,-0.6685,-1.039814,-0.361636,-0.466522
-6,-6,14.529943,13.627732,-9.186346,2.690669,-5.083729,3.245383,-4.716288,-0.493299,-0.547575,-0.75697,-0.503537,-0.442258,-0.671684,-1.043136,-0.361636,-0.466522
-6,-3,14.51439,13.93773,-8.988823,2.877433,-4.800406,1.449299,-2.812685,-0.493299,-0.547575,-0.7534,-0.50031,-0.44535,-0.6685,-1.039814,-0.361636,-0.466522
-6,0,14.523722,14.083611,-8.885503,2.931247,-4.620109,-0.365525,-0.885158,-0.493299,-0.547575,-0.75697,-0.50031,-0.442258,-0.6685,-1.036492,-0.358572,-0.466522
-6,3,14.551725,14.08969,-8.794338,2.804627,-4.478446,-1.974486,0.866886,-0.493299,-0.547575,-0.7534,-0.50031,-0.44535,-0.6685,-1.039814,-0.361636,-0.466522
-6,6,14.542386,13.864789,-8.833843,2.586208,-4.478446,-3.746627,2.724009,-0.493299,-0.544463,-0.75697,-0.50031,-0.44535,-0.671684,-1.039814,-0.361636,-0.463348
-6,9,14.536165,13.472733,-9.116453,2.196852,-4.578253,-5.424125,4.492045,-0.496632,-0.544463,-0.75697,-0.50031,-0.442258,-0.671684,-1.039814,-0.361636,-0.466522
-6,12,14.536165,12.971267,-9.338287,1.712532,-4.678061,-6.794841,6.068201,-0.493299,-0.547575,-0.75697,-0.50031,-0.442258,-0.6685,-1.039814,-0.361636,-0.466522
-6,15,14.51439,12.290489,-9.481112,1.145909,-4.896993,-8.054596,7.551844,-0.496632,-0.547575,-0.75697,-0.50031,-0.442258,-0.6685,-1.039814,-0.358572,-0.463348
-6,18,14.536165,11.506377,-9.541887,0.525472,-5.135242,-9.157697,8.946401,-0.493299,-0.547575,-0.75697,-0.497082,-0.442258,-0.6685,-1.039814,-0.358572,-0.466522
-6,21,14.536165,10.454817,-9.532771,-0.287265,-5.453982,-10.247744,10.340956,-0.493299,-0.544463,-0.75697,-0.50031,-0.442258,-0.671684,-1.039814,-0.361636,-0.466522
-6,24,14.545497,9.272573,-9.095182,-1.168001,-5.685792,-10.779713,11.571043,-0.496632,-0.547575,-0.75697,-0.503537,-0.442258,-0.6685,-1.039814,-0.361636,-0.466522
-3,-24,14.529943,8.743753,-10.942783,-2.304434,-6.664546,11.656552,-11.852237,-0.493299,-0.547575,-0.75697,-0.50031,-0.442258,-0.6685,-1.039814,-0.361636,-0.463348
-3,-21,14.529943,9.944233,-10.903277,-1.502618,-6.081801,10.61947,-11.144793,-0.493299,-0.544463,-0.7534,-0.50031,-0.442258,-0.6685,-1.039814,-0.361636,-0.466522
-3,-18,14.542386,11.120399,-10.848579,-0.827071,-5.399249,9.327205,-10.2528,-0.493299,-0.544463,-0.7534,-0.50031,-0.442258,-0.6685,-1.039814,-0.361636,-0.466522
-3,-15,14.542386,12.032158,-10.441378,-0.309362,-4.768209,8.051298,-9.094234,-0.493299,-0.544463,-0.7534,-0.50031,-0.442258,-0.6685,-1.039814,-0.361636,-0.466522
-3,-12,14.536165,12.798034,-9.794109,0.205757,-4.22088,6.651073,-7.802381,-0.489966,-0.544463,-0.75697,-0.50031,-0.442258,-0.6685,-1.039814,-0.358572,-0.463348
-3,-9,14.536165,13.411949,-9.192424,0.614106,-3.754039,5.149429,-6.346483,-0.489966,-0.544463,-0.7534,-0.50031,-0.44535,-0.671684,-1.039814,-0.361636,-0.466522
-3,-6,14.520612,13.858711,-8.739639,0.924324,-3.380567,3.579082,-4.6992,-0.493299,-0.547575,-0.7534,-0.50031,-0.442258,-0.6685,-1.039814,-0.361636,-0.466522
-3,-3,14.529943,14.177826,-8.608971,1.08893,-3.039291,1.861515,-2.860531,-0.493299,-0.550686,-0.75697,-0.50031,-0.442258,-0.6685,-1.039814,-0.361636,-0.466522
-3,0,14.529943,14.320668,-8.490457,1.145909,-2.830018,-0.078327,-0.816806,-0.493299,-0.547575,-0.75697,-0.50031,-0.442258,-0.6685,-1.039814,-0.358572,-0.466522
-3,3,14.529943,14.302433,-8.384098,1.06044,-2.704454,-1.811305,1.007369,-0.493299,-0.544463,-0.7534,-0.497082,-0.442258,-0.6685,-1.039814,-0.358572,-0.466522
-3,6,14.523722,14.098807,-8.487417,0.813532,-2.726991,-3.547547,2.792538,-0.496632,-0.547575,-0.7534,-0.50031,-0.442258,-0.6685,-1.039814,-0.358572,-0.466522
-3,9,14.520612,13.71587,-8.745717,0.430507,-2.830018,-5.264207,4.639381,-0.493299,-0.544463,-0.75697,-0.497082,-0.442258,-0.671684,-1.039814,-0.358572,-0.466522
-3,12,14.526834,13.138423,-9.241045,-0.041038,-3.074706,-6.824214,6.383433,-0.493299,-0.547575,-0.75697,-0.50031,-0.442258,-0.6685,-1.039814,-0.361636,-0.466522
-3,15,14.526834,12.494114,-9.402102,-0.476671,-3.322615,-7.910997,7.771135,-0.496632,-0.550686,-0.7534,-0.50031,-0.442258,-0.6685,-1.039814,-0.358572,-0.463348
-3,18,14.529943,11.716081,-9.557082,-1.038574,-3.622036,-8.994516,9.066324,-0.493299,-0.547575,-0.7534,-0.50031,-0.442258,-0.6685,-1.036492,-0.358572,-0.463348
-3,21,14.536165,10.667561,-9.572276,-1.774099,-4.043802,-10.032346,10.464307,-0.493299,-0.547575,-0.7534,-0.50031,-0.44535,-0.671684,-1.039814,-0.361636,-0.466522
-3,24,14.545497,9.521785,-9.383869,-2.525408,-4.455909,-10.639377,11.646424,-0.496632,-0.547575,-0.7534,-0.497082,-0.442258,-0.6685,-1.039814,-0.358572,-0.466522
0,-24,14.545497,8.822772,-10.87289,-3.923852,-5.15778,11.836488,-11.87616,-0.489966,-0.547575,-0.7534,-0.50031,-0.442258,-0.6685,-1.039814,-0.358572,-0.463348
0,-21,14.533054,10.020212,-10.833385,-3.144133,-4.546058,10.796133,-11.107199,-0.489966,-0.544463,-0.7534,-0.50031,-0.442258,-0.671684,-1.036492,-0.358572,-0.463348
0,-18,14.5175,11.12344,-10.502154,-2.572759,-3.802333,9.566029,-10.198118,-0.493299,-0.544463,-0.7534,-0.497082,-0.439165,-0.6685,-1.039814,-0.361636,-0.466522
0,-15,14.529943,12.032158,-10.02506,-2.039267,-3.174514,8.326109,-9.14208,-0.493299,-0.547575,-0.7534,-0.497082,-0.439165,-0.6685,-1.043136,-0.358572,-0.463348
0,-12,14.529943,12.895288,-9.271433,-1.59732,-2.466204,6.762305,-7.710105,-0.493299,-0.547575,-0.7534,-0.50031,-0.442258,-0.671684,-1.039814,-0.361636,-0.466522
0,-9,14.529943,13.497047,-8.599854,-1.243763,-1.944631,5.322821,-6.39433,-0.489966,-0.547575,-0.7534,-0.50031,-0.442258,-0.6685,-1.039814,-0.358572,-0.463348
0,-6,14.526834,13.955966,-8.156187,-0.991223,-1.48423,3.732845,-4.71287,-0.493299,-0.547575,-0.7534,-0.497082,-0.442258,-0.6685,-1.039814,-0.358572,-0.466522
0,-3,14.542386,14.27508,-8.101488,-0.820758,-1.117197,2.008735,-2.860531,-0.493299,-0.544463,-0.7534,-0.497082,-0.439165,-0.6685,-1.036492,-0.358572,-0.463348
0,0,14.529943,14.381453,-7.940431,-0.823914,-0.85963,0.065431,-0.86807,-0.493299,-0.544463,-0.7534,-0.50031,-0.439165,-0.6685,-1.039814,-0.358572,-0.463348
0,3,14.536165,14.375373,-7.982975,-0.890206,-0.775921,-1.693815,0.973105,-0.493299,-0.547575,-0.7534,-0.497082,-0.442258,-0.6685,-1.039814,-0.358572,-0.463348
0,6,14.529943,14.186944,-7.995129,-1.082769,-0.804897,-3.420266,2.768553,-0.496632,-0.547575,-0.7534,-0.50031,-0.442258,-0.6685,-1.039814,-0.361636,-0.466522
0,9,14.536165,13.794888,-8.150108,-1.426855,-0.924022,-5.153244,4.629103,-0.496632,-0.547575,-0.7534,-0.497082,-0.439165,-0.6685,-1.039814,-0.358572,-0.463348
0,12,14.539275,13.22352,-8.581621,-1.859331,-1.194467,-6.700197,6.311478,-0.493299,-0.547575,-0.75697,-0.50031,-0.442258,-0.6685,-1.039814,-0.358572,-0.466522
0,15,14.529943,12.536663,-9.04656,-2.266553,-1.542182,-7.852252,7.767709,-0.493299,-0.544463,-0.7534,-0.50031,-0.442258,-0.6685,-1.039814,-0.358572,-0.463348
0,18,14.542386,11.776865,-9.423374,-2.746381,-1.938192,-8.883554,9.073177,-0.496632,-0.547575,-0.7534,-0.497082,-0.442258,-0.6685,-1.036492,-0.358572,-0.463348
0,21,14.545497,10.74354,-9.657362,-3.330381,-2.427569,-9.836529,10.419764,-0.493299,-0.544463,-0.7534,-0.50031,-0.442258,-0.6685,-1.039814,-0.358572,-0.466522
0,24,14.551725,9.536982,-9.678635,-3.977517,-3.013534,-10.463142,11.663556,-0.493299,-0.547575,-0.75697,-0.50031,-0.442258,-0.6685,-1.039814,-0.358572,-0.466522
3,-24,14.520612,8.740713,-10.973171,-5.249691,-3.850627,11.829945,-11.917171,-0.493299,-0.547575,-0.75697,-0.497082,-0.442258,-0.6685,-1.039814,-0.358572,-0.463348
3,-21,14.523722,9.941194,-10.608513,-4.700415,-3.103683,10.809219,-11.319092,-0.493299,-0.544463,-0.7534,-0.50031,-0.442258,-0.6685,-1.039814,-0.358572,-0.466522
3,-18,14.542386,11.059616,-9.964283,-4.198491,-2.227955,9.602015,-10.39292,-0.493299,-0.544463,-0.7534,-0.497082,-0.442258,-0.6685,-1.039814,-0.361636,-0.463348
3,-15,14.542386,11.944021,-9.377791,-3.753387,-1.509987,8.375182,-9.323213,-0.489966,-0.547575,-0.749829,-0.497082,-0.442258,-0.665317,-1.036492,-0.358572,-0.463348
3,-12,14.526834,12.782837,-8.733562,-3.384046,-0.772701,6.817922,-7.839974,-0.493299,-0.544463,-0.7534,-0.497082,-0.442258,-0.665317,-1.039814,-0.358572,-0.466522
3,-9,14.526834,13.402833,-7.998168,-3.0589,-0.183517,5.31955,-6.520781,-0.489966,-0.544463,-0.7534,-0.497082,-0.442258,-0.6685,-1.039814,-0.361636,-0.466522
3,-6,14.526834,13.861751,-7.487647,-2.83477,0.312908,3.72303,-4.849574,-0.493299,-0.547575,-0.75697,-0.497082,-0.442258,-0.6685,-1.036492,-0.355507,-0.466522
3,-3,14.523722,14.186944,-7.277968,-2.680089,0.735495,1.894231,-2.915213,-0.489966,-0.547575,-0.7534,-0.497082,-0.442258,-0.6685,-1.039814,-0.358572,-0.466522
3,0,14.523722,14.305472,-7.177687,-2.664305,0.961305,0.016358,-0.984269,-0.493299,-0.544463,-0.7534,-0.497082,-0.442258,-0.6685,-1.039814,-0.358572,-0.463348
3,3,14.529943,14.290277,-7.165532,-2.740067,1.080662,-1.726451,0.818916,-0.489966,-0.547575,-0.7534,-0.50031,-0.442258,-0.6685,-1.039814,-0.361636,-0.466522
3,6,14.548608,14.107924,-7.344822,-2.920003,1.01937,-3.479011,2.61779,-0.493299,-0.547575,-0.7534,-0.50031,-0.442258,-0.6685,-1.039814,-0.358572,-0.463348
3,9,14.523722,13.67332,-7.463336,-3.200954,0.867755,-5.153244,4.430369,-0.493299,-0.544463,-0.7534,-0.497082,-0.439165,-0.6685,-1.039814,-0.361636,-0.463348
3,12,14.505058,13.07156,-7.903965,-3.582922,0.554847,-6.742623,6.123024,-0.493299,-0.544463,-0.7534,-0.497082,-0.442258,-0.6685,-1.039814,-0.358572,-0.463348
3,15,14.533054,12.424213,-8.414486,-3.923852,0.103227,-7.901206,7.616946,-0.489966,-0.544463,-0.7534,-0.497082,-0.439165,-0.6685,-1.039814,-0.358572,-0.463348
3,18,14.545497,11.561083,-8.903736,-4.40368,-0.379911,-9.063052,9.045766,-0.493299,-0.544463,-0.75697,-0.50031,-0.442258,-0.6685,-1.039814,-0.358572,-0.463348
3,21,14.533054,10.570307,-9.326132,-4.826685,-0.93368,-9.885483,10.299838,-0.493299,-0.544463,-0.7534,-0.497082,-0.442258,-0.665317,-1.036492,-0.358572,-0.466522
3,24,14.536165,9.430611,-9.696868,-5.3002,-1.625892,-10.564315,11.47853,-0.493299,-0.547575,-0.7534,-0.50031,-0.442258,-0.6685,-1.039814,-0.358572,-0.463348
6,-24,14.557961,8.543166,-10.720949,-6.493455,-2.623964,11.757971,-12.23159,-0.489966,-0.544463,-0.7534,-0.50031,-0.442258,-0.6685,-1.039814,-0.358572,-0.466522
6,-21,14.539275,9.73149,-9.961245,-6.124114,-1.603355,10.697987,-11.558323,-0.493299,-0.544463,-0.7534,-0.50031,-0.439165,-0.6685,-1.039814,-0.355507,-0.463348
6,-18,14.542386,10.883343,-9.207618,-5.716891,-0.614941,9.399179,-10.58089,-0.489966,-0.544463,-0.7534,-0.50031,-0.442258,-0.6685,-1.036492,-0.358572,-0.466522
6,-15,14.548608,11.858923,-8.517806,-5.33808,0.251617,7.99241,-9.350554,-0.493299,-0.544463,-0.75697,-0.497082,-0.439165,-0.671684,-1.039814,-0.358572,-0.463348
6,-12,14.542386,12.582251,-7.986012,-5.041346,0.903239,6.654344,-8.072371,-0.493299,-0.544463,-0.7534,-0.497082,-0.442258,-0.6685,-1.036492,-0.358572,-0.463348
6,-9,14.536165,13.180971,-7.423832,-4.807745,1.522604,5.169058,-6.715584,-0.489966,-0.544463,-0.7534,-0.497082,-0.439165,-0.6685,-1.039814,-0.358572,-0.466522
6,-6,14.536165,13.642928,-6.773525,-4.605712,2.038741,3.516922,-5.044378,-0.489966,-0.544463,-0.7534,-0.497082,-0.439165,-0.6685,-1.036492,-0.355507,-0.466522
6,-3,14.533054,13.952927,-6.518264,-4.479442,2.480683,1.773183,-3.226214,-0.489966,-0.547575,-0.7534,-0.497082,-0.439165,-0.6685,-1.039814,-0.358572,-0.463348
6,0,14.529943,14.080572,-6.393672,-4.441561,2.729074,-0.052218,-1.339699,-0.489966,-0.544463,-0.7534,-0.50031,-0.442258,-0.6685,-1.036492,-0.358572,-0.466522
6,3,14.533054,14.053219,-6.363285,-4.473129,2.816172,-1.79825,0.476273,-0.489966,-0.544463,-0.7534,-0.497082,-0.442258,-0.665317,-1.039814,-0.358572,-0.463348
6,6,14.533054,13.837437,-6.518264,-4.640437,2.783913,-3.557338,2.275147,-0.493299,-0.544463,-0.7534,-0.497082,-0.442258,-0.6685,-1.039814,-0.358572,-0.463348
6,9,14.526834,13.430185,-6.752253,-4.883507,2.606491,-5.277262,4.080874,-0.489966,-0.544463,-0.7534,-0.497082,-0.439165,-0.6685,-1.036492,-0.358572,-0.463348
6,12,14.523722,12.898327,-7.156416,-5.126577,2.261325,-6.595761,5.629619,-0.493299,-0.547575,-0.7534,-0.50031,-0.442258,-0.6685,-1.036492,-0.358572,-0.463348
6,15,14.529943,12.199312,-7.594006,-5.489605,1.841963,-7.973006,7.205775,-0.493299,-0.544463,-0.7534,-0.497082,-0.442258,-0.6685,-1.036492,-0.358572,-0.463348
6,18,14.5175,11.299712,-8.125798,-5.849476,1.216147,-9.216442,8.699697,-0.493299,-0.544463,-0.7534,-0.497082,-0.442258,-0.665317,-1.036492,-0.358572,-0.463348
6,21,14.529943,10.36972,-8.630242,-6.234601,0.596783,-10.133517,9.943491,-0.493299,-0.544463,-0.749829,-0.497082,-0.439165,-0.6685,-1.039814,-0.358572,-0.463348
6,24,14.554842,9.245219,-9.22889,-6.603941,-0.196395,-10.910256,11.173577,-0.493299,-0.544463,-0.7534,-0.497082,-0.442258,-0.6685,-1.039814,-0.361636,-0.463348
9,-24,14.536165,8.221012,-9.982517,-7.756158,-1.159052,11.463531,-12.399052,-0.489966,-0.544463,-0.7534,-0.497082,-0.439165,-0.6685,-1.036492,-0.358572,-0.463348
9,-21,14.529943,9.363748,-9.198502,-7.544655,-0.109466,10.416634,-11.927424,-0.489966,-0.544463,-0.7534,-0.497082,-0.439165,-0.6685,-1.039814,-0.358572,-0.463348
9,-18,14.523722,10.497366,-8.35675,-7.257391,0.977434,9.08511,-10.93632,-0.493299,-0.544463,-0.7534,-0.50031,-0.442258,-0.6685,-1.039814,-0.358572,-0.466522
9,-15,14.548608,11.38785,-7.715559,-6.989066,1.812931,7.832104,-9.784589,-0.489966,-0.544463,-0.7534,-0.497082,-0.439165,-0.6685,-1.036492,-0.355507,-0.463348
9,-12,14.508168,12.13549,-7.107795,-6.717585,2.571007,6.353361,-8.393625,-0.493299,-0.544463,-0.7534,-0.497082,-0.442258,-0.6685,-1.039814,-0.358572,-0.466522
9,-9,14.526834,12.758524,-6.582079,-6.509238,3.235533,4.851717,-6.954816,-0.489966,-0.547575,-0.7534,-0.497082,-0.439165,-0.6685,-1.039814,-0.358572,-0.463348
9,-6,14.554842,13.229598,-6.132334,-6.379811,3.800058,3.23884,-5.399808,-0.489966,-0.544463,-0.7534,-0.50031,-0.442258,-0.6685,-1.039814,-0.358572,-0.463348
9,-3,14.536165,13.515282,-5.624852,-6.244071,4.209741,1.518002,-3.643162,-0.489966,-0.544463,-0.7534,-0.497082,-0.439165,-0.665317,-1.036492,-0.358572,-0.463348
9,0,14.529943,13.642928,-5.482028,-6.218817,4.500068,-0.332888,-1.763481,-0.489966,-0.544463,-0.7534,-0.50031,-0.442258,-0.6685,-1.036492,-0.358572,-0.463348
9,3,14.536165,13.60038,-5.469872,-6.228287,4.609747,-2.052812,-0.010253,-0.489966,-0.544463,-0.7534,-0.50031,-0.442258,-0.6685,-1.039814,-0.361636,-0.463348
9,6,14.551725,13.405871,-5.612697,-6.335617,4.542005,-3.792318,1.843418,-0.493299,-0.544463,-0.7534,-0.497082,-0.442258,-0.6685,-1.036492,-0.355507,-0.463348
9,9,14.533054,12.989503,-5.922656,-6.465044,4.335549,-5.450233,3.628586,-0.493299,-0.547575,-0.7534,-0.50031,-0.439165,-0.6685,-1.036492,-0.358572,-0.466522
9,12,14.548608,12.4698,-6.296431,-6.689174,3.958125,-6.85685,5.256138,-0.493299,-0.547575,-0.7534,-0.497082,-0.442258,-0.6685,-1.039814,-0.358572,-0.463348
9,15,14.542386,11.785984,-6.691477,-7.00485,3.503279,-8.155767,6.743207,-0.493299,-0.547575,-0.749829,-0.497082,-0.439165,-0.6685,-1.039814,-0.358572,-0.463348
9,18,14.533054,10.986674,-7.159455,-7.282644,2.929077,-9.219707,8.08294,-0.493299,-0.547575,-0.749829,-0.497082,-0.442258,-0.665317,-1.036492,-0.355507,-0.463348
9,21,14.533054,10.038448,-7.71252,-7.633045,2.193582,-10.198789,9.412394,-0.489966,-0.544463,-0.7534,-0.497082,-0.439165,-0.665317,-1.036492,-0.358572,-0.463348
9,24,14.548608,8.856202,-8.45703,-7.854018,1.219373,-11.063646,10.762405,-0.489966,-0.544463,-0.7534,-0.497082,-0.442258,-0.6685,-1.039814,-0.358572,-0.463348
12,-24,14.545497,7.85023,-9.070871,-8.902062,0.380651,10.949896,-12.450316,-0.489966,-0.544463,-0.7534,-0.50031,-0.442258,-0.6685,-1.039814,-0.358572,-0.463348
12,-21,14.529943,8.962575,-8.223042,-8.753695,1.490345,9.873553,-11.927424,-0.493299,-0.544463,-0.7534,-0.497082,-0.442258,-0.6685,-1.039814,-0.358572,-0.463348
12,-18,14.533054,9.971586,-7.442065,-8.614798,2.509715,8.689251,-11.161882,-0.493299,-0.544463,-0.7534,-0.50031,-0.442258,-0.665317,-1.036492,-0.358572,-0.463348
12,-15,14.533054,10.804324,-6.773525,-8.456959,3.374245,7.432974,-10.081921,-0.493299,-0.547575,-0.7534,-0.497082,-0.442258,-0.665317,-1.036492,-0.358572,-0.463348
12,-12,14.533054,11.582356,-6.138412,-8.277024,4.209741,5.944416,-8.755891,-0.489966,-0.547575,-0.7534,-0.497082,-0.442258,-0.6685,-1.036492,-0.358572,-0.463348
12,-9,14.533054,12.17196,-5.612697,-8.030797,4.877493,4.449316,-7.299994,-0.493299,-0.544463,-0.7534,-0.50031,-0.439165,-0.665317,-1.036492,-0.358572,-0.463348
12,-6,14.545497,12.627838,-5.144718,-7.866645,5.458147,2.806995,-5.741568,-0.489966,-0.547575,-0.7534,-0.50031,-0.439165,-0.6685,-1.036492,-0.355507,-0.463348
12,-3,14.539275,12.907444,-4.731439,-7.734062,5.893638,1.076342,-4.039603,-0.493299,-0.544463,-0.7534,-0.497082,-0.442258,-0.665317,-1.039814,-0.358572,-0.463348
12,0,14.536165,13.032051,-4.536955,-7.749845,6.138803,-0.669041,-2.286374,-0.489966,-0.544463,-0.7534,-0.497082,-0.439165,-0.6685,-1.039814,-0.358572,-0.463348
12,3,14.523722,12.980385,-4.500489,-7.715121,6.245256,-2.402019,-0.522893,-0.489966,-0.544463,-0.7534,-0.497082,-0.442258,-0.6685,-1.036492,-0.355507,-0.463348
12,6,14.539275,12.798034,-4.625081,-7.730905,6.190417,-3.988135,1.195823,-0.493299,-0.544463,-0.7534,-0.497082,-0.442258,-0.665317,-1.036492,-0.358572,-0.463348
12,9,14.536165,12.396861,-4.93504,-7.913997,5.96138,-5.672159,3.008403,-0.493299,-0.544463,-0.7534,-0.497082,-0.439165,-0.665317,-1.036492,-0.355507,-0.463348
12,12,14.539275,11.87108,-5.284504,-8.160225,5.580729,-7.117939,4.615396,-0.493299,-0.547575,-0.7534,-0.50031,-0.439165,-0.665317,-1.036492,-0.358572,-0.463348
12,15,14.526834,11.181184,-5.709939,-8.362257,5.067819,-8.390748,6.13673,-0.493299,-0.544463,-0.7534,-0.50031,-0.439165,-0.665317,-1.039814,-0.358572,-0.463348
12,18,14.523722,10.4457,-6.190072,-8.576916,4.454906,-9.382887,7.46961,-0.493299,-0.544463,-0.749829,-0.497082,-0.442258,-0.665317,-1.036492,-0.358572,-0.463348
12,21,14.539275,9.482276,-6.779603,-8.845241,3.671023,-10.319544,8.857313,-0.493299,-0.544463,-0.7534,-0.497082,-0.439165,-0.6685,-1.036492,-0.355507,-0.463348
12,24,14.533054,8.439834,-7.439026,-8.955727,2.780687,-10.988585,10.059989,-0.493299,-0.544463,-0.749829,-0.497082,-0.439165,-0.665317,-1.036492,-0.355507,-0.463348
15,-24,14.536165,7.260627,-8.128838,-9.902756,1.758091,10.383918,-12.375129,-0.493299,-0.547575,-0.7534,-0.497082,-0.442258,-0.6685,-1.03317,-0.355507,-0.460175
15,-21,14.526834,8.351697,-7.344822,-9.716507,2.777462,9.373006,-11.982104,-0.489966,-0.544463,-0.7534,-0.497082,-0.439165,-0.665317,-1.036492,-0.355507,-0.463348
15,-18,14.542386,9.372865,-6.460526,-9.659685,3.964576,8.103643,-11.110618,-0.493299,-0.544463,-0.7534,-0.497082,-0.442258,-0.665317,-1.036492,-0.358572,-0.463348
15,-15,14.564198,10.18129,-5.779831,-9.583923,4.887171,6.853909,-10.242547,-0.489966,-0.544463,-0.749829,-0.497082,-0.442258,-0.665317,-1.036492,-0.358572,-0.463348
15,-12,14.554842,10.938048,-5.090019,-9.501846,5.79041,5.273747,-9.001958,-0.489966,-0.544463,-0.7534,-0.497082,-0.439165,-0.665317,-1.036492,-0.355507,-0.460175
15,-9,14.542386,11.46079,-4.60077,-9.328225,6.413,3.860435,-7.693017,-0.489966,-0.547575,-0.7534,-0.497082,-0.439165,-0.665317,-1.036492,-0.355507,-0.463348
15,-6,14.539275,11.874119,-4.160141,-9.217737,6.974299,2.241015,-6.168768,-0.489966,-0.547575,-0.7534,-0.497082,-0.439165,-0.665317,-1.036492,-0.355507,-0.460175
15,-3,14.539275,12.159803,-3.774212,-9.078841,7.396886,0.592152,-4.538573,-0.489966,-0.544463,-0.749829,-0.497082,-0.442258,-0.665317,-1.036492,-0.355507,-0.463348
15,0,14.539275,12.269215,-3.528068,-9.018863,7.671084,-1.132474,-2.816102,-0.489966,-0.544463,-0.749829,-0.497082,-0.439165,-0.665317,-1.036492,-0.358572,-0.460175
15,3,14.529943,12.235784,-3.515912,-8.971511,7.754956,-2.747962,-1.151731,-0.489966,-0.544463,-0.7534,-0.497082,-0.439165,-0.665317,-1.036492,-0.358572,-0.463348
15,6,14.536165,12.032158,-3.673931,-9.066214,7.680762,-4.376504,0.537949,-0.489966,-0.547575,-0.7534,-0.50031,-0.442258,-0.6685,-1.036492,-0.358572,-0.463348
15,9,14.545497,11.68569,-3.929191,-9.192485,7.458177,-5.936511,2.213472,-0.489966,-0.544463,-0.7534,-0.50031,-0.442258,-0.665317,-1.039814,-0.355507,-0.463348
15,12,14.51439,11.132557,-4.236112,-9.350323,7.067849,-7.349656,3.827318,-0.493299,-0.544463,-0.7534,-0.497082,-0.439165,-0.6685,-1.036492,-0.355507,-0.460175
15,15,14.542386,10.579424,-4.60077,-9.47975,6.625906,-8.41033,5.197889,-0.489966,-0.544463,-0.7534,-0.497082,-0.439165,-0.665317,-1.036492,-0.355507,-0.463348
15,18,14.505058,9.856096,-5.086981,-9.583923,5.971058,-9.418786,6.582166,-0.493299,-0.547575,-0.7534,-0.497082,-0.442258,-0.6685,-1.036492,-0.355507,-0.463348
15,21,14.542386,8.999044,-5.682589,-9.792269,5.180724,-10.215107,7.963015,-0.489966,-0.544463,-0.749829,-0.50031,-0.442258,-0.6685,-1.036492,-0.358572,-0.460175
15,24,14.554842,7.901896,-6.436216,-9.817523,4.151676,-11.076701,9.302749,-0.493299,-0.544463,-0.749829,-0.497082,-0.439165,-0.665317,-1.036492,-0.355507,-0.463348
18,-24,14.536165,6.695338,-7.077406,-10.789804,3.138757,9.624917,-12.498164,-0.489966,-0.544463,-0.7534,-0.497082,-0.439165,-0.6685,-1.036492,-0.355507,-0.463348
18,-21,14.529943,7.676997,-6.187033,-10.729826,4.312968,8.548574,-11.958181,-0.489966,-0.544463,-0.7534,-0.50031,-0.439165,-0.665317,-1.036492,-0.355507,-0.463348
18,-18,14.567314,8.622185,-5.412135,-10.631968,5.35492,7.400259,-11.209728,-0.489966,-0.544463,-0.749829,-0.497082,-0.442258,-0.665317,-1.036492,-0.355507,-0.463348
18,-15,14.536165,9.412374,-4.658508,-10.439404,6.351709,6.019662,-10.327988,-0.489966,-0.544463,-0.7534,-0.497082,-0.442258,-0.665317,-1.036492,-0.358572,-0.463348
18,-12,14.539275,10.023252,-4.062899,-10.480442,7.142044,4.671782,-9.377894,-0.489966,-0.544463,-0.749829,-0.497082,-0.439165,-0.665317,-1.03317,-0.355507,-0.463348
18,-9,14.529943,10.552071,-3.515912,-10.448874,7.864635,3.127607,-8.082623,-0.486632,-0.544463,-0.7534,-0.497082,-0.439165,-0.6685,-1.036492,-0.355507,-0.460175
18,-6,14.539275,10.953245,-3.096555,-10.344702,8.400127,1.616148,-6.654067,-0.489966,-0.544463,-0.7534,-0.497082,-0.439165,-0.665317,-1.036492,-0.355507,-0.463348
18,-3,14.523722,11.214615,-2.783557,-10.234215,8.806585,0.0,-5.099059,-0.489966,-0.544463,-0.7534,-0.497082,-0.439165,-0.665317,-1.036492,-0.355507,-0.463348
18,0,14.542386,11.317947,-2.552607,-10.19002,9.106588,-1.723187,-3.424435,-0.489966,-0.544463,-0.7534,-0.497082,-0.439165,-0.6685,-1.036492,-0.355507,-0.460175
18,3,14.526834,11.272359,-2.500947,-10.123728,9.200139,-3.260349,-1.838669,-0.486632,-0.544463,-0.749829,-0.497082,-0.439165,-0.665317,-1.03317,-0.355507,-0.460175
18,6,14.545497,11.090008,-2.573879,-10.196334,9.158203,-4.771401,-0.263155,-0.489966,-0.544463,-0.749829,-0.497082,-0.439165,-0.6685,-1.039814,-0.358572,-0.463348
18,9,14.545497,10.746579,-2.80179,-10.300507,8.906587,-6.298772,1.408261,-0.489966,-0.544463,-0.7534,-0.497082,-0.439165,-0.665317,-1.036492,-0.358572,-0.463348
18,12,14.536165,10.272466,-3.102633,-10.313134,8.496902,-7.623799,2.994697,-0.493299,-0.544463,-0.7534,-0.497082,-0.439165,-0.665317,-1.036492,-0.355507,-0.463348
18,15,14.536165,9.713254,-3.528068,-10.322605,7.948507,-8.642046,4.450929,-0.489966,-0.544463,-0.7534,-0.497082,-0.439165,-0.665317,-1.03317,-0.355507,-0.460175
18,18,14.526834,8.999044,-4.005162,-10.363643,7.290433,-9.49385,5.831778,-0.489966,-0.544463,-0.749829,-0.497082,-0.439165,-0.6685,-1.036492,-0.358572,-0.463348
18,21,14.5175,8.278756,-4.503528,-10.319448,6.593648,-10.149836,6.965925,-0.493299,-0.544463,-0.749829,-0.497082,-0.439165,-0.665317,-1.03317,-0.355507,-0.460175
18,24,14.536165,7.151217,-5.284504,-10.64775,5.471051,-11.086493,8.439289,-0.489966,-0.544463,-0.749829,-0.497082,-0.439165,-0.6685,-1.036492,-0.358572,-0.463348
21,-24,14.542386,5.896031,-5.922656,-11.63266,4.412971,8.793941,-12.552844,-0.489966,-0.544463,-0.749829,-0.497082,-0.439165,-0.665317,-1.03317,-0.355507,-0.463348
21,-21,14.551725,6.810827,-5.059632,-11.62319,5.561375,7.7405,-12.197414,-0.489966,-0.544463,-0.7534,-0.497082,-0.439165,-0.665317,-1.03317,-0.355507,-0.463348
21,-18,14.526834,7.719545,-4.196607,-11.332767,6.703327,6.480951,-11.329344,-0.489966,-0.544463,-0.7534,-0.493854,-0.439165,-0.6685,-1.036492,-0.358572,-0.463348
21,-15,14.5175,8.436794,-3.512873,-11.1844,7.642051,5.172329,-10.515956,-0.489966,-0.544463,-0.749829,-0.497082,-0.442258,-0.6685,-1.039814,-0.358572,-0.463348
21,-12,14.548608,9.059828,-2.871683,-11.181242,8.513032,3.778647,-9.576115,-0.489966,-0.544463,-0.7534,-0.513165,-0.442258,-0.665317,-1.036492,-0.355507,-0.463348
21,-9,14.542386,9.521785,-2.330773,-11.187556,9.219495,2.306447,-8.455142,-0.489966,-0.544463,-0.749829,-0.497082,-0.439165,-0.665317,-1.036492,-0.355507,-0.463348
21,-6,14.539275,9.88345,-1.947882,-11.162302,9.732407,0.870234,-7.231642,-0.489966,-0.541352,-0.749829,-0.497082,-0.439165,-0.68116,-1.036492,-0.355507,-0.460175
21,-3,14.542386,10.135702,-1.625767,-11.039188,10.154992,-0.760422,-5.601447,-0.486632,-0.544463,-0.749829,-0.493854,-0.439165,-0.665317,-1.036492,-0.355507,-0.460175
21,0,14.536165,10.245112,-1.428244,-10.988681,10.393705,-2.34001,-4.036186,-0.489966,-0.544463,-0.749829,-0.497082,-0.439165,-0.665317,-1.036492,-0.355507,-0.463348
21,3,14.51128,10.178251,-1.379623,-10.957112,10.464675,-3.792318,-2.573453,-0.493299,-0.544463,-0.7534,-0.497082,-0.442258,-0.665317,-1.036492,-0.355507,-0.463348
21,6,14.539275,10.011095,-1.41305,-10.925545,10.429191,-5.182617,-1.11072,-0.489966,-0.544463,-0.749829,-0.493854,-0.439165,-0.68116,-1.036492,-0.358572,-0.463348
21,9,14.536165,9.69198,-1.595379,-11.045502,10.206606,-6.592497,0.43173,-0.489966,-0.544463,-0.7534,-0.497082,-0.439165,-0.665317,-1.036492,-0.355507,-0.460175
21,12,14.526834,9.266494,-1.905339,-10.938171,9.787245,-7.760871,1.970195,-0.493299,-0.556848,-0.7534,-0.497082,-0.439165,-0.665317,-1.039814,-0.358572,-0.460175
21,15,14.536165,8.7164,-2.282152,-10.972897,9.271108,-8.739954,3.43328,-0.489966,-0.544463,-0.749829,-0.497082,-0.439165,-0.665317,-1.036492,-0.358572,-0.460175
21,18,14.542386,8.102483,-2.762285,-10.925545,8.606583,-9.58523,4.728468,-0.489966,-0.544463,-0.749829,-0.497082,-0.442258,-0.665317,-1.036492,-0.358572,-0.463348
21,21,14.523722,7.318372,-3.357894,-10.988681,7.764634,-10.388079,6.020232,-0.493299,-0.544463,-0.749829,-0.497082,-0.442258,-0.665317,-1.03317,-0.358572,-0.463348
21,24,14.539275,6.418771,-4.032511,-11.121264,6.803329,-11.037538,7.27773,-0.489966,-0.544463,-0.749829,-0.497082,-0.442258,-0.665317,-1.036492,-0.355507,-0.463348
24,-24,14.529943,4.896136,-4.649391,-12.507082,5.67428,7.704514,-12.843341,-0.489966,-0.544463,-0.749829,-0.493854,-0.439165,-0.665317,-1.036492,-0.355507,-0.460175
24,-21,14.539275,5.826129,-3.774212,-12.128271,6.851717,6.657616,-12.310195,-0.489966,-0.544463,-0.7534,-0.497082,-0.439165,-0.68116,-1.036492,-0.355507,-0.460175
24,-18,14.536165,6.661907,-2.917265,-11.790497,7.964637,5.434054,-11.568576,-0.489966,-0.544463,-0.749829,-0.497082,-0.436072,-0.68116,-1.03317,-0.355507,-0.463348
24,-15,14.533054,7.342686,-2.224415,-11.648443,8.896909,4.200677,-10.772275,-0.486632,-0.556848,-0.7534,-0.497082,-0.439165,-0.6685,-1.036492,-0.355507,-0.463348
24,-12,14.529943,7.874544,-1.628806,-11.686325,9.71305,2.849525,-9.856358,-0.486632,-0.541352,-0.749829,-0.497082,-0.439165,-0.68116,-1.036492,-0.355507,-0.460175
24,-9,14.561079,8.33954,-1.07878,-11.664227,10.425964,1.436213,-8.78665,-0.489966,-0.544463,-0.749829,-0.513165,-0.439165,-0.68116,-1.036492,-0.355507,-0.463348
24,-6,14.539275,8.646499,-0.656385,-11.626347,10.942101,0.026172,-7.658842,-0.489966,-0.556848,-0.749829,-0.497082,-0.439165,-0.68116,-1.036492,-0.355507,-0.463348
24,-3,14.520612,8.837968,-0.379852,-11.680012,11.319526,-1.458835,-6.425088,-0.489966,-0.544463,-0.7534,-0.497082,-0.439165,-0.665317,-1.03317,-0.355507,-0.460175
24,0,14.545497,8.947378,-0.145863,-11.638973,11.587272,-2.947042,-4.917926,-0.486632,-0.556848,-0.749829,-0.497082,-0.439165,-0.665317,-1.03317,-0.355507,-0.460175
24,3,14.545497,8.901791,-0.082048,-11.496919,11.671144,-4.418931,-3.380006,-0.489966,-0.556848,-0.749829,-0.497082,-0.439165,-0.68116,-1.036492,-0.358572,-0.463348
24,6,14.529943,8.737674,-0.142824,-11.500075,11.58082,-5.743958,-1.961702,-0.489966,-0.541352,-0.749829,-0.513165,-0.439165,-0.68116,-1.036492,-0.355507,-0.463348
24,9,14.529943,8.470225,-0.316037,-11.52533,11.361462,-6.941704,-0.601498,-0.486632,-0.553737,-0.749829,-0.513165,-0.439165,-0.68116,-1.03317,-0.355507,-0.460175
24,12,14.539275,8.059935,-0.589531,-11.509545,10.980811,-8.008905,0.839475,-0.489966,-0.556848,-0.749829,-0.497082,-0.439165,-0.665317,-1.036492,-0.355507,-0.460175
24,15,14.523722,7.613173,-0.95115,-11.468508,10.471127,-8.873762,2.114105,-0.489966,-0.556848,-0.749829,-0.509937,-0.439165,-0.68116,-1.036492,-0.355507,-0.460175
24,18,14.508168,6.956708,-1.446477,-11.465351,9.745309,-9.816946,3.51894,-0.489966,-0.556848,-0.7534,-0.513165,-0.439165,-0.68116,-1.036492,-0.355507,-0.460175
24,21,14.533054,6.227303,-2.054241,-11.629502,8.906587,-10.740549,4.848394,-0.489966,-0.556848,-0.7534,-0.497082,-0.439165,-0.677977,-1.036492,-0.355507,-0.460175
24,24,14.551725,5.415839,-2.707587,-11.859946,8.029154,-11.363899,5.968836,-0.489966,-0.556848,-0.749829,-0.513165,-0.439165,-0.68116,-1.036492,-0.355507,-0.460175
